county,pov,moe
Norton,33.10141194849382,21.7
Bath,27.552626622169,21.800000000000004
King and Queen,26.45524072869727,10.4
Buena Vista,24.63356611347217,16.8
Lee,24.546026325488274,10.1
Covington,23.053597042816634,13.700000000000001
Northumberland,22.111853121732327,12.3
Brunswick,20.83008238903214,10
Martinsville,20.430673868242994,9.2
Fredericksburg,20.393906694383872,9.1
Petersburg,20.17817908243564,8.7
Northampton,20.151752050391995,8.8
Franklin,19.81363865837931,11.3
Essex,19.67099085942152,10.8
Galax,19.647216749004077,11.1
Buchanan,19.482440627117846,7.500000000000001
Danville,19.200940624720893,6.999999999999999
Hopewell,19.168689236213922,7.3
Dickenson,19.006215007141268,9.1
Mathews,18.979581632265088,15.000000000000002
Emporia,18.828097300798056,13.5
Surry,18.544413914289603,10.5
Craig,18.28671804747272,12.699999999999998
Grayson,17.96857779893608,8
Lancaster,17.66046011734284,8.5
Charlotte,17.65788191873955,6.999999999999999
Sussex,17.57049670640565,9.4
Greensville,17.544717159781914,12.5
Bristol,17.299403640435422,8.1
Wythe,17.24012013808429,6.9
Bland,17.218119781301052,12.3
Richmond,17.148217404164868,3.7000000000000006
Radford,17.09910387811669,7.6
Westmoreland,17.07463577409874,7.9
Smyth,17.056877940340687,6.9
Mecklenburg,17.054235893716978,5.9
Waynesboro,17.038327132858452,6.4
Wise,16.93596401829831,6.1000000000000005
Highland,16.560391956187456,11.5
Charlottesville,16.52531505220779,5.599999999999999
Tazewell,16.517794152064734,5.2
Prince Edward,16.39151955004222,6.800000000000001
Winchester,16.38803754022893,5.699999999999999
Roanoke,16.251148512219178,4.5
Appomattox,16.131403272522938,5.9
Accomack,16.07099913391951,5.3
Caroline,16.04768137435894,7.1
Carroll,15.88213325036914,6.7
Franklin,15.764755349770448,4.7
Orange,15.742128988155194,5.699999999999999
Portsmouth,15.725377084873667,4.300000000000001
Charles City,15.595541663976602,6.800000000000001
Scott,15.50557491992387,5.699999999999999
Lunenburg,15.497106296279448,6.9
Buckingham,15.4793715150019,5.9
Amelia,15.444931646732558,7.400000000000001
Rappahannock,15.430945569817903,8.8
Henry,15.366362936945391,4.7
Alleghany,15.283339400009663,7.199999999999999
Pulaski,15.273893891680125,5.4
Warren,15.231279637723693,5.1
Greene,15.181191116643056,5.9
Harrisonburg,15.150211098223396,4.9
Russell,15.129949444633853,5.9
Shenandoah,15.031419531958331,5.1
Pittsylvania,14.942809612321373,3.8
Colonial Heights,14.927386461609396,6
Nottoway,14.892989660020174,5.2
Lynchburg,14.844220946471959,4.1000000000000005
Lexington,14.702667856340618,13.600000000000001
Norfolk,14.440170260751886,2.7
Rockbridge,14.306150640974783,6.999999999999999
Dinwiddie,14.237913138259856,5.2
Salem,14.230696173411722,5.9
Hampton,14.212401411886983,3.4000000000000004
Halifax,14.186892472840345,4.300000000000001
Nelson,14.149852355579814,7.1
Williamsburg,14.076518751294472,7.1
Isle of Wight,13.49808063801026,4.1000000000000005
Amherst,13.439043945129509,4.7
Giles,13.365303489174392,5.4
Newport News,13.254018009061626,2.7999999999999994
Montgomery,13.224254894714807,3.5999999999999996
Bedford,13.17812671618754,4.7
King William,13.002710320269333,5.1
Augusta,12.884900506406977,3.9
Manassas Park,12.660502884627208,6.9
Louisa,12.604901320905707,4.1000000000000005
Gloucester,12.550781247914456,4.9
Washington,12.363079639432916,3.0999999999999996
Patrick,12.03312680201848,5.2
Southampton,11.992355808062664,4.4
Alexandria,11.98060375134053,2.9000000000000004
Floyd,11.82827926747429,5.3
Suffolk,11.771287350916639,3
Middlesex,11.751063569110244,4.300000000000001
Prince George,11.730042821930281,4
Cumberland,11.682055518975707,6
Madison,11.564435930619634,6.599999999999999
Fairfax,11.329310976122747,4.4
Campbell,11.133977585806305,3
Staunton,10.763702648336121,3.8
Henrico,10.484798570783285,1.7000000000000002
King George,10.470581739063705,4
James City,10.362596379216257,2.7
Page,10.338258236198014,3.7000000000000006
Culpeper,10.301358378466691,3.9
Spotsylvania,10.086294925528758,2.4
Rockingham,9.955215328995909,2.4
Fluvanna,9.873596481519632,5.2
Virginia Beach,9.695140713552162,1.3999999999999997
Chesapeake,9.665701469229383,1.7999999999999998
Frederick,9.388606983365642,2
Botetourt,9.274544435061534,3.5999999999999996
Poquoson,9.150384836097903,5.1
Albemarle,9.103958999007066,2.3
Roanoke,8.678032933543655,2.3
Chesterfield,8.542695486437623,1.1
Prince William,8.346735208155728,1.2
Fauquier,8.306660234113352,2.1
Powhatan,8.296972800420118,3.8
Clarke,8.109171694780155,4.2
Fairfax,7.984808401519866,0.6999999999999998
Hanover,7.928783602169941,1.6
Arlington,7.8228052162255315,1.6
Manassas,7.74408052997327,2.9000000000000004
Stafford,7.711029892441955,1.6
York,7.0412118140642175,1.7000000000000002
New Kent,6.853970024669056,2.6
Loudoun,6.700358586997021,0.8
Goochland,6.526946942289776,2.4
Richmond,6.337341176178127,3.2
Falls Church,5.445940762417581,1.2
